נושא הודעה,תוכן הודעה,לפרסום?
מתחילים לעבוד חכם יותר,"
ברוכים הבאים למערכת לניהול בדיקות ומבחנות
המערכת פותחה כדי להקל על עבודת האחים והאחיות ולאפשר ביצוע הזמנת בדיקות דם בצורה יעילה, מדויקת ונוחה יותר.

מה תוכלו לעשות במערכת?
• לזהות במהירות אילו מבחנות נדרשות לכל בדיקה
• לקבל מידע מדויק על תנאי ההכנה הנדרשים — במידה וקיימים תנאים מיוחדים שיש לבצע לפני הבדיקה
• להפיק ולהדפיס טופס הזמנת בדיקות
• לעבוד עם ממשק ידידותי שמקצר תהליכים וחוסך זמן במהלך
המשמרת

אנחנו ממשיכים לעבוד על פיתוח ושיפור המערכת, ומזמינים אתכם
לשתף אותנו בהערות, רעיונות והצעות לשדרוג.
תוכלו לפנות אלינו בכל עת במייל
bdikotdm@gmail.com

מאחלים לכם עבודה נעימה",כן
